visage_1,jpg,250,250,1
visage_1,jpg,250,250,5
visage_1,jpg,250,250,10
visage_1,jpg,250,250,14
visage_1,jpg,250,250,19
visage_1,jpg,250,250,22
visage_10,jpg,250,250,1
visage_10,jpg,250,250,5
visage_10,jpg,250,250,9
visage_10,jpg,250,250,12
visage_10,jpg,250,250,19
visage_10,jpg,250,250,22
visage_10,jpg,250,250,3
visage_100,jpg,250,250,1
visage_100,jpg,250,250,8
visage_100,jpg,250,250,11
visage_100,jpg,250,250,14
visage_100,jpg,250,250,19
visage_100,jpg,250,250,23
visage_100,jpg,250,250,3
visage_101,jpg,250,250,1
visage_101,jpg,250,250,5
visage_101,jpg,250,250,10
visage_101,jpg,250,250,19
visage_101,jpg,250,250,23
visage_101,jpg,250,250,15
visage_102,jpg,250,250,1
visage_102,jpg,250,250,5
visage_102,jpg,250,250,9
visage_102,jpg,250,250,19
visage_102,jpg,250,250,23
visage_102,jpg,250,250,15
visage_103,jpg,250,250,1
visage_103,jpg,250,250,5
visage_103,jpg,250,250,10
visage_103,jpg,250,250,14
visage_103,jpg,250,250,18
visage_103,jpg,250,250,23
visage_103,jpg,250,250,16
visage_104,jpg,250,250,1
visage_104,jpg,250,250,5
visage_104,jpg,250,250,10
visage_104,jpg,250,250,14
visage_104,jpg,250,250,18
visage_104,jpg,250,250,23
visage_104,jpg,250,250,15
visage_105,jpg,250,250,2
visage_105,jpg,250,250,7
visage_105,jpg,250,250,11
visage_105,jpg,250,250,19
visage_105,jpg,250,250,23
visage_106,jpg,250,250,1
visage_106,jpg,250,250,5
visage_106,jpg,250,250,11
visage_106,jpg,250,250,14
visage_106,jpg,250,250,19
visage_106,jpg,250,250,23
visage_106,jpg,250,250,3
visage_107,jpg,250,250,1
visage_107,jpg,250,250,5
visage_107,jpg,250,250,10
visage_107,jpg,250,250,14
visage_107,jpg,250,250,19
visage_107,jpg,250,250,23
visage_108,jpg,250,250,1
visage_108,jpg,250,250,5
visage_108,jpg,250,250,10
visage_108,jpg,250,250,14
visage_108,jpg,250,250,18
visage_108,jpg,250,250,22
visage_109,jpg,250,250,1
visage_109,jpg,250,250,5
visage_109,jpg,250,250,10
visage_109,jpg,250,250,14
visage_109,jpg,250,250,18
visage_109,jpg,250,250,22
visage_11,jpg,250,250,1
visage_11,jpg,250,250,5
visage_11,jpg,250,250,10
visage_11,jpg,250,250,14
visage_11,jpg,250,250,19
visage_11,jpg,250,250,22
visage_110,jpg,250,250,1
visage_110,jpg,250,250,5
visage_110,jpg,250,250,11
visage_110,jpg,250,250,14
visage_110,jpg,250,250,19
visage_110,jpg,250,250,22
visage_111,jpg,250,250,1
visage_111,jpg,250,250,5
visage_111,jpg,250,250,10
visage_111,jpg,250,250,14
visage_111,jpg,250,250,19
visage_111,jpg,250,250,23
visage_111,jpg,250,250,15
visage_112,jpg,250,250,1
visage_112,jpg,250,250,5
visage_112,jpg,250,250,9
visage_112,jpg,250,250,14
visage_112,jpg,250,250,19
visage_112,jpg,250,250,22
visage_112,jpg,250,250,3
visage_113,jpg,250,250,1
visage_113,jpg,250,250,5
visage_113,jpg,250,250,10
visage_113,jpg,250,250,20
visage_113,jpg,250,250,23
visage_113,jpg,250,250,17
visage_114,jpg,250,250,1
visage_114,jpg,250,250,6
visage_114,jpg,250,250,10
visage_114,jpg,250,250,14
visage_114,jpg,250,250,21
visage_114,jpg,250,250,23
visage_114,jpg,250,250,17
visage_115,jpg,250,250,1
visage_115,jpg,250,250,8
visage_115,jpg,250,250,11
visage_115,jpg,250,250,20
visage_116,jpg,250,250,1
visage_116,jpg,250,250,5
visage_116,jpg,250,250,10
visage_116,jpg,250,250,14
visage_116,jpg,250,250,19
visage_116,jpg,250,250,4
visage_116,jpg,250,250,22
visage_116,jpg,250,250,3
visage_117,jpg,250,250,1
visage_117,jpg,250,250,5
visage_117,jpg,250,250,11
visage_117,jpg,250,250,13
visage_117,jpg,250,250,19
visage_117,jpg,250,250,22
visage_117,jpg,250,250,3
visage_118,jpg,250,250,1
visage_118,jpg,250,250,5
visage_118,jpg,250,250,10
visage_118,jpg,250,250,14
visage_118,jpg,250,250,18
visage_118,jpg,250,250,23
visage_118,jpg,250,250,4
visage_119,jpg,250,250,1
visage_119,jpg,250,250,5
visage_119,jpg,250,250,11
visage_119,jpg,250,250,14
visage_119,jpg,250,250,19
visage_119,jpg,250,250,23
visage_119,jpg,250,250,17
visage_12,jpg,250,250,1
visage_12,jpg,250,250,5
visage_12,jpg,250,250,11
visage_12,jpg,250,250,14
visage_12,jpg,250,250,20
visage_12,jpg,250,250,23
visage_120,jpg,250,250,1
visage_120,jpg,250,250,8
visage_120,jpg,250,250,10
visage_120,jpg,250,250,14
visage_120,jpg,250,250,18
visage_120,jpg,250,250,23
visage_120,jpg,250,250,4
visage_120,jpg,250,250,15
visage_120,jpg,250,250,3
visage_121,jpg,250,250,1
visage_121,jpg,250,250,8
visage_121,jpg,250,250,10
visage_121,jpg,250,250,14
visage_121,jpg,250,250,18
visage_121,jpg,250,250,23
visage_121,jpg,250,250,4
visage_122,jpg,250,250,1
visage_122,jpg,250,250,5
visage_122,jpg,250,250,9
visage_122,jpg,250,250,14
visage_122,jpg,250,250,18
visage_122,jpg,250,250,22
visage_123,jpg,250,250,1
visage_123,jpg,250,250,5
visage_123,jpg,250,250,9
visage_123,jpg,250,250,12
visage_123,jpg,250,250,19
visage_123,jpg,250,250,23
visage_124,jpg,250,250,1
visage_124,jpg,250,250,5
visage_124,jpg,250,250,10
visage_124,jpg,250,250,14
visage_124,jpg,250,250,18
visage_124,jpg,250,250,22
visage_124,jpg,250,250,3
visage_125,jpg,250,250,1
visage_125,jpg,250,250,5
visage_125,jpg,250,250,10
visage_125,jpg,250,250,14
visage_125,jpg,250,250,19
visage_125,jpg,250,250,22
visage_125,jpg,250,250,15
visage_126,jpg,250,250,1
visage_126,jpg,250,250,5
visage_126,jpg,250,250,11
visage_126,jpg,250,250,14
visage_126,jpg,250,250,19
visage_126,jpg,250,250,23
visage_127,jpg,250,250,1
visage_127,jpg,250,250,10
visage_127,jpg,250,250,18
visage_127,jpg,250,250,22
visage_127,jpg,250,250,15
visage_128,jpg,250,250,1
visage_128,jpg,250,250,5
visage_128,jpg,250,250,11
visage_128,jpg,250,250,20
visage_128,jpg,250,250,23
visage_128,jpg,250,250,15
visage_129,jpg,250,250,2
visage_129,jpg,250,250,7
visage_129,jpg,250,250,11
visage_129,jpg,250,250,14
visage_129,jpg,250,250,19
visage_129,jpg,250,250,23
visage_13,jpg,250,250,1
visage_13,jpg,250,250,6
visage_13,jpg,250,250,11
visage_13,jpg,250,250,14
visage_13,jpg,250,250,19
visage_13,jpg,250,250,23
visage_13,jpg,250,250,3
visage_130,jpg,250,250,2
visage_130,jpg,250,250,5
visage_130,jpg,250,250,11
visage_130,jpg,250,250,14
visage_130,jpg,250,250,18
visage_130,jpg,250,250,22
visage_130,jpg,250,250,3
visage_131,jpg,250,250,1
visage_131,jpg,250,250,5
visage_131,jpg,250,250,10
visage_131,jpg,250,250,14
visage_131,jpg,250,250,18
visage_131,jpg,250,250,22
visage_132,jpg,250,250,1
visage_132,jpg,250,250,5
visage_132,jpg,250,250,10
visage_132,jpg,250,250,14
visage_132,jpg,250,250,19
visage_132,jpg,250,250,22
visage_133,jpg,250,250,1
visage_133,jpg,250,250,5
visage_133,jpg,250,250,9
visage_133,jpg,250,250,14
visage_133,jpg,250,250,18
visage_133,jpg,250,250,23
visage_133,jpg,250,250,3
visage_134,jpg,250,250,1
visage_134,jpg,250,250,5
visage_134,jpg,250,250,11
visage_134,jpg,250,250,14
visage_134,jpg,250,250,19
visage_134,jpg,250,250,23
visage_134,jpg,250,250,15
visage_135,jpg,250,250,1
visage_135,jpg,250,250,5
visage_135,jpg,250,250,10
visage_135,jpg,250,250,12
visage_135,jpg,250,250,18
visage_135,jpg,250,250,23
visage_136,jpg,250,250,1
visage_136,jpg,250,250,5
visage_136,jpg,250,250,12
visage_136,jpg,250,250,11
visage_136,jpg,250,250,20
visage_136,jpg,250,250,23
visage_136,jpg,250,250,15
visage_137,jpg,250,250,1
visage_137,jpg,250,250,5
visage_137,jpg,250,250,11
visage_137,jpg,250,250,12
visage_137,jpg,250,250,19
visage_137,jpg,250,250,23
visage_137,jpg,250,250,15
visage_138,jpg,250,250,1
visage_138,jpg,250,250,5
visage_138,jpg,250,250,11
visage_138,jpg,250,250,12
visage_138,jpg,250,250,19
visage_138,jpg,250,250,22
visage_139,jpg,250,250,1
visage_139,jpg,250,250,11
visage_139,jpg,250,250,20
visage_139,jpg,250,250,23
visage_139,jpg,250,250,15
visage_14,jpg,250,250,1
visage_14,jpg,250,250,5
visage_14,jpg,250,250,10
visage_14,jpg,250,250,12
visage_14,jpg,250,250,18
visage_14,jpg,250,250,23
visage_14,jpg,250,250,15
visage_14,jpg,250,250,3
visage_140,jpg,250,250,2
visage_140,jpg,250,250,7
visage_140,jpg,250,250,11
visage_140,jpg,250,250,14
visage_140,jpg,250,250,19
visage_140,jpg,250,250,23
visage_140,jpg,250,250,3
visage_141,jpg,250,250,1
visage_141,jpg,250,250,5
visage_141,jpg,250,250,11
visage_141,jpg,250,250,12
visage_141,jpg,250,250,20
visage_141,jpg,250,250,23
visage_142,jpg,250,250,1
visage_142,jpg,250,250,5
visage_142,jpg,250,250,11
visage_142,jpg,250,250,14
visage_142,jpg,250,250,19
visage_142,jpg,250,250,23
visage_142,jpg,250,250,4
visage_142,jpg,250,250,3
visage_143,jpg,250,250,1
visage_143,jpg,250,250,5
visage_143,jpg,250,250,14
visage_143,jpg,250,250,11
visage_143,jpg,250,250,19
visage_143,jpg,250,250,23
visage_143,jpg,250,250,4
visage_144,jpg,250,250,1
visage_144,jpg,250,250,5
visage_144,jpg,250,250,11
visage_144,jpg,250,250,14
visage_144,jpg,250,250,19
visage_144,jpg,250,250,23
visage_144,jpg,250,250,17
visage_144,jpg,250,250,4
visage_145,jpg,250,250,1
visage_145,jpg,250,250,5
visage_145,jpg,250,250,11
visage_145,jpg,250,250,18
visage_145,jpg,250,250,15
visage_145,jpg,250,250,23
visage_145,jpg,250,250,4
visage_146,jpg,250,250,1
visage_146,jpg,250,250,5
visage_146,jpg,250,250,11
visage_146,jpg,250,250,12
visage_146,jpg,250,250,18
visage_146,jpg,250,250,3
visage_146,jpg,250,250,4
visage_147,jpg,250,250,1
visage_147,jpg,250,250,5
visage_147,jpg,250,250,11
visage_147,jpg,250,250,14
visage_147,jpg,250,250,18
visage_147,jpg,250,250,3
visage_148,jpg,250,250,1
visage_148,jpg,250,250,5
visage_148,jpg,250,250,9
visage_148,jpg,250,250,14
visage_148,jpg,250,250,18
visage_148,jpg,250,250,23
visage_148,jpg,250,250,4
visage_149,jpg,250,250,1
visage_149,jpg,250,250,5
visage_149,jpg,250,250,11
visage_149,jpg,250,250,14
visage_149,jpg,250,250,20
visage_149,jpg,250,250,23
visage_149,jpg,250,250,3
visage_15,jpg,250,250,1
visage_15,jpg,250,250,5
visage_15,jpg,250,250,10
visage_15,jpg,250,250,12
visage_15,jpg,250,250,18
visage_15,jpg,250,250,23
visage_15,jpg,250,250,17
visage_150,jpg,250,250,1
visage_150,jpg,250,250,5
visage_150,jpg,250,250,11
visage_150,jpg,250,250,14
visage_150,jpg,250,250,19
visage_150,jpg,250,250,22
visage_150,jpg,250,250,3
visage_151,jpg,250,250,1
visage_151,jpg,250,250,5
visage_151,jpg,250,250,11
visage_151,jpg,250,250,14
visage_151,jpg,250,250,18
visage_151,jpg,250,250,22
visage_151,jpg,250,250,4
visage_152,jpg,250,250,1
visage_152,jpg,250,250,8
visage_152,jpg,250,250,9
visage_152,jpg,250,250,14
visage_152,jpg,250,250,18
visage_152,jpg,250,250,23
visage_152,jpg,250,250,4
visage_153,jpg,250,250,1
visage_153,jpg,250,250,8
visage_153,jpg,250,250,10
visage_153,jpg,250,250,14
visage_153,jpg,250,250,18
visage_153,jpg,250,250,23
visage_153,jpg,250,250,15
visage_154,jpg,250,250,1
visage_154,jpg,250,250,5
visage_154,jpg,250,250,11
visage_154,jpg,250,250,14
visage_154,jpg,250,250,19
visage_154,jpg,250,250,23
visage_154,jpg,250,250,15
visage_155,jpg,250,250,1
visage_155,jpg,250,250,6
visage_155,jpg,250,250,11
visage_155,jpg,250,250,14
visage_155,jpg,250,250,20
visage_155,jpg,250,250,23
visage_155,jpg,250,250,15
visage_156,jpg,250,250,1
visage_156,jpg,250,250,5
visage_156,jpg,250,250,11
visage_156,jpg,250,250,12
visage_156,jpg,250,250,20
visage_156,jpg,250,250,23
visage_156,jpg,250,250,3
visage_157,jpg,250,250,1
visage_157,jpg,250,250,5
visage_157,jpg,250,250,11
visage_157,jpg,250,250,14
visage_157,jpg,250,250,19
visage_157,jpg,250,250,23
visage_157,jpg,250,250,3
visage_158,jpg,250,250,1
visage_158,jpg,250,250,6
visage_158,jpg,250,250,11
visage_158,jpg,250,250,14
visage_158,jpg,250,250,20
visage_158,jpg,250,250,23
visage_158,jpg,250,250,15
visage_159,jpg,250,250,1
visage_159,jpg,250,250,5
visage_159,jpg,250,250,11
visage_159,jpg,250,250,19
visage_159,jpg,250,250,23
visage_159,jpg,250,250,3
visage_16,jpg,250,250,1
visage_16,jpg,250,250,5
visage_16,jpg,250,250,9
visage_16,jpg,250,250,14
visage_16,jpg,250,250,18
visage_16,jpg,250,250,23
visage_16,jpg,250,250,4
visage_16,jpg,250,250,3
visage_160,jpg,250,250,1
visage_160,jpg,250,250,19
visage_160,jpg,250,250,23
visage_160,jpg,250,250,3
visage_161,jpg,250,250,1
visage_161,jpg,250,250,5
visage_161,jpg,250,250,11
visage_161,jpg,250,250,14
visage_161,jpg,250,250,20
visage_161,jpg,250,250,23
visage_161,jpg,250,250,3
visage_162,jpg,250,250,1
visage_162,jpg,250,250,6
visage_162,jpg,250,250,11
visage_162,jpg,250,250,13
visage_162,jpg,250,250,20
visage_162,jpg,250,250,23
visage_162,jpg,250,250,3
visage_162,jpg,250,250,4
visage_163,jpg,250,250,2
visage_163,jpg,250,250,5
visage_163,jpg,250,250,11
visage_163,jpg,250,250,21
visage_163,jpg,250,250,23
visage_163,jpg,250,250,3
visage_164,jpg,250,250,1
visage_164,jpg,250,250,5
visage_164,jpg,250,250,9
visage_164,jpg,250,250,14
visage_164,jpg,250,250,19
visage_164,jpg,250,250,23
visage_164,jpg,250,250,3
visage_165,jpg,250,250,1
visage_165,jpg,250,250,5
visage_165,jpg,250,250,10
visage_165,jpg,250,250,14
visage_165,jpg,250,250,19
visage_165,jpg,250,250,22
visage_166,jpg,250,250,1
visage_166,jpg,250,250,8
visage_166,jpg,250,250,11
visage_166,jpg,250,250,14
visage_166,jpg,250,250,18
visage_166,jpg,250,250,15
visage_166,jpg,250,250,23
visage_167,jpg,250,250,2
visage_167,jpg,250,250,7
visage_167,jpg,250,250,11
visage_167,jpg,250,250,14
visage_167,jpg,250,250,20
visage_167,jpg,250,250,23
visage_168,jpg,250,250,1
visage_168,jpg,250,250,6
visage_168,jpg,250,250,11
visage_168,jpg,250,250,13
visage_168,jpg,250,250,20
visage_168,jpg,250,250,23
visage_168,jpg,250,250,15
visage_168,jpg,250,250,3
visage_169,jpg,250,250,1
visage_169,jpg,250,250,11
visage_169,jpg,250,250,19
visage_169,jpg,250,250,22
visage_169,jpg,250,250,3
visage_17,jpg,250,250,1
visage_17,jpg,250,250,5
visage_17,jpg,250,250,10
visage_17,jpg,250,250,13
visage_17,jpg,250,250,18
visage_170,jpg,250,250,1
visage_170,jpg,250,250,5
visage_170,jpg,250,250,11
visage_170,jpg,250,250,13
visage_170,jpg,250,250,19
visage_170,jpg,250,250,23
visage_170,jpg,250,250,15
visage_171,jpg,250,250,1
visage_171,jpg,250,250,5
visage_171,jpg,250,250,11
visage_171,jpg,250,250,18
visage_171,jpg,250,250,22
visage_171,jpg,250,250,3
visage_171,jpg,250,250,15
visage_172,jpg,250,250,1
visage_172,jpg,250,250,6
visage_172,jpg,250,250,11
visage_172,jpg,250,250,19
visage_172,jpg,250,250,22
visage_172,jpg,250,250,15
visage_173,jpg,250,250,1
visage_173,jpg,250,250,5
visage_173,jpg,250,250,9
visage_173,jpg,250,250,14
visage_173,jpg,250,250,18
visage_173,jpg,250,250,22
visage_173,jpg,250,250,3
visage_174,jpg,250,250,1
visage_174,jpg,250,250,5
visage_174,jpg,250,250,11
visage_174,jpg,250,250,21
visage_174,jpg,250,250,23
visage_174,jpg,250,250,15
visage_175,jpg,250,250,1
visage_175,jpg,250,250,5
visage_175,jpg,250,250,11
visage_175,jpg,250,250,14
visage_175,jpg,250,250,19
visage_175,jpg,250,250,22
visage_175,jpg,250,250,3
visage_176,jpg,250,250,1
visage_176,jpg,250,250,5
visage_176,jpg,250,250,9
visage_176,jpg,250,250,13
visage_176,jpg,250,250,18
visage_176,jpg,250,250,23
visage_177,jpg,250,250,1
visage_177,jpg,250,250,5
visage_177,jpg,250,250,11
visage_177,jpg,250,250,14
visage_177,jpg,250,250,18
visage_177,jpg,250,250,23
visage_177,jpg,250,250,15
visage_178,jpg,250,250,1
visage_178,jpg,250,250,5
visage_178,jpg,250,250,9
visage_178,jpg,250,250,14
visage_178,jpg,250,250,19
visage_178,jpg,250,250,22
visage_179,jpg,250,250,2
visage_179,jpg,250,250,5
visage_179,jpg,250,250,10
visage_179,jpg,250,250,14
visage_179,jpg,250,250,18
visage_179,jpg,250,250,23
visage_18,jpg,250,250,1
visage_18,jpg,250,250,5
visage_18,jpg,250,250,11
visage_18,jpg,250,250,14
visage_18,jpg,250,250,18
visage_18,jpg,250,250,23
visage_18,jpg,250,250,15
visage_180,jpg,250,250,1
visage_180,jpg,250,250,5
visage_180,jpg,250,250,9
visage_180,jpg,250,250,14
visage_180,jpg,250,250,18
visage_180,jpg,250,250,22
visage_180,jpg,250,250,3
visage_181,jpg,250,250,1
visage_181,jpg,250,250,11
visage_181,jpg,250,250,6
visage_181,jpg,250,250,13
visage_181,jpg,250,250,19
visage_181,jpg,250,250,22
visage_181,jpg,250,250,3
visage_181,jpg,250,250,15
visage_182,jpg,250,250,2
visage_182,jpg,250,250,7
visage_182,jpg,250,250,11
visage_182,jpg,250,250,14
visage_182,jpg,250,250,18
visage_182,jpg,250,250,23
visage_183,jpg,250,250,2
visage_183,jpg,250,250,7
visage_183,jpg,250,250,11
visage_183,jpg,250,250,13
visage_183,jpg,250,250,19
visage_183,jpg,250,250,23
visage_184,jpg,250,250,1
visage_184,jpg,250,250,5
visage_184,jpg,250,250,10
visage_184,jpg,250,250,12
visage_184,jpg,250,250,18
visage_184,jpg,250,250,23
visage_184,jpg,250,250,4
visage_184,jpg,250,250,3
visage_185,jpg,250,250,1
visage_185,jpg,250,250,5
visage_185,jpg,250,250,9
visage_185,jpg,250,250,14
visage_185,jpg,250,250,19
visage_185,jpg,250,250,23
visage_186,jpg,250,250,1
visage_186,jpg,250,250,8
visage_186,jpg,250,250,10
visage_186,jpg,250,250,14
visage_186,jpg,250,250,19
visage_186,jpg,250,250,23
visage_186,jpg,250,250,17
visage_187,jpg,250,250,1
visage_187,jpg,250,250,6
visage_187,jpg,250,250,11
visage_187,jpg,250,250,12
visage_187,jpg,250,250,19
visage_187,jpg,250,250,23
visage_187,jpg,250,250,15
visage_188,jpg,250,250,1
visage_188,jpg,250,250,5
visage_188,jpg,250,250,10
visage_188,jpg,250,250,14
visage_188,jpg,250,250,19
visage_188,jpg,250,250,22
visage_189,jpg,250,250,2
visage_189,jpg,250,250,7
visage_189,jpg,250,250,14
visage_189,jpg,250,250,11
visage_189,jpg,250,250,19
visage_189,jpg,250,250,22
visage_19,jpg,250,250,1
visage_19,jpg,250,250,5
visage_19,jpg,250,250,11
visage_19,jpg,250,250,14
visage_19,jpg,250,250,20
visage_19,jpg,250,250,23
visage_19,jpg,250,250,16
visage_190,jpg,250,250,2
visage_190,jpg,250,250,7
visage_190,jpg,250,250,11
visage_190,jpg,250,250,13
visage_190,jpg,250,250,18
visage_190,jpg,250,250,22
visage_191,jpg,250,250,2
visage_191,jpg,250,250,7
visage_191,jpg,250,250,11
visage_191,jpg,250,250,12
visage_191,jpg,250,250,19
visage_191,jpg,250,250,23
visage_192,jpg,250,250,2
visage_192,jpg,250,250,5
visage_192,jpg,250,250,11
visage_192,jpg,250,250,14
visage_192,jpg,250,250,19
visage_192,jpg,250,250,23
visage_192,jpg,250,250,3
visage_193,jpg,250,250,2
visage_193,jpg,250,250,6
visage_193,jpg,250,250,11
visage_193,jpg,250,250,14
visage_193,jpg,250,250,19
visage_193,jpg,250,250,23
visage_194,jpg,250,250,2
visage_194,jpg,250,250,11
visage_194,jpg,250,250,19
visage_194,jpg,250,250,22
visage_194,jpg,250,250,3
visage_195,jpg,250,250,2
visage_195,jpg,250,250,7
visage_195,jpg,250,250,11
visage_195,jpg,250,250,12
visage_195,jpg,250,250,20
visage_195,jpg,250,250,23
visage_196,jpg,250,250,2
visage_196,jpg,250,250,7
visage_196,jpg,250,250,10
visage_196,jpg,250,250,14
visage_196,jpg,250,250,19
visage_196,jpg,250,250,22
visage_196,jpg,250,250,3
visage_197,jpg,250,250,2
visage_197,jpg,250,250,7
visage_197,jpg,250,250,10
visage_197,jpg,250,250,13
visage_197,jpg,250,250,19
visage_197,jpg,250,250,3
visage_198,jpg,250,250,1
visage_198,jpg,250,250,5
visage_198,jpg,250,250,11
visage_198,jpg,250,250,14
visage_198,jpg,250,250,18
visage_198,jpg,250,250,22
visage_198,jpg,250,250,15
visage_198,jpg,250,250,3
visage_199,jpg,250,250,1
visage_199,jpg,250,250,5
visage_199,jpg,250,250,11
visage_199,jpg,250,250,14
visage_199,jpg,250,250,23
visage_199,jpg,250,250,18
visage_199,jpg,250,250,15
visage_199,jpg,250,250,3
visage_2,jpg,250,250,1
visage_2,jpg,250,250,5
visage_2,jpg,250,250,9
visage_2,jpg,250,250,12
visage_2,jpg,250,250,19
visage_2,jpg,250,250,23
visage_2,jpg,250,250,3
visage_20,jpg,250,250,1
visage_20,jpg,250,250,5
visage_20,jpg,250,250,11
visage_20,jpg,250,250,14
visage_20,jpg,250,250,20
visage_20,jpg,250,250,23
visage_20,jpg,250,250,15
visage_200,jpg,250,250,1
visage_200,jpg,250,250,5
visage_200,jpg,250,250,9
visage_200,jpg,250,250,14
visage_200,jpg,250,250,19
visage_200,jpg,250,250,23
visage_21,jpg,250,250,1
visage_21,jpg,250,250,8
visage_21,jpg,250,250,21
visage_21,jpg,250,250,23
visage_22,jpg,250,250,1
visage_22,jpg,250,250,8
visage_22,jpg,250,250,21
visage_22,jpg,250,250,23
visage_22,jpg,250,250,3
visage_23,jpg,250,250,1
visage_23,jpg,250,250,8
visage_23,jpg,250,250,21
visage_23,jpg,250,250,23
visage_24,jpg,250,250,1
visage_24,jpg,250,250,8
visage_24,jpg,250,250,21
visage_24,jpg,250,250,23
visage_25,jpg,250,250,1
visage_25,jpg,250,250,5
visage_25,jpg,250,250,11
visage_25,jpg,250,250,14
visage_25,jpg,250,250,19
visage_25,jpg,250,250,23
visage_25,jpg,250,250,17
visage_25,jpg,250,250,4
visage_26,jpg,250,250,1
visage_26,jpg,250,250,5
visage_26,jpg,250,250,10
visage_26,jpg,250,250,14
visage_26,jpg,250,250,19
visage_26,jpg,250,250,23
visage_27,jpg,250,250,1
visage_27,jpg,250,250,5
visage_27,jpg,250,250,11
visage_27,jpg,250,250,14
visage_27,jpg,250,250,19
visage_27,jpg,250,250,23
visage_27,jpg,250,250,15
visage_28,jpg,250,250,1
visage_28,jpg,250,250,5
visage_28,jpg,250,250,11
visage_28,jpg,250,250,14
visage_28,jpg,250,250,19
visage_28,jpg,250,250,23
visage_28,jpg,250,250,15
visage_29,jpg,250,250,1
visage_29,jpg,250,250,5
visage_29,jpg,250,250,14
visage_29,jpg,250,250,11
visage_29,jpg,250,250,19
visage_29,jpg,250,250,23
visage_29,jpg,250,250,15
visage_3,jpg,250,250,1
visage_3,jpg,250,250,5
visage_3,jpg,250,250,11
visage_3,jpg,250,250,20
visage_3,jpg,250,250,23
visage_3,jpg,250,250,15
visage_30,jpg,250,250,1
visage_30,jpg,250,250,5
visage_30,jpg,250,250,11
visage_30,jpg,250,250,14
visage_30,jpg,250,250,19
visage_30,jpg,250,250,23
visage_30,jpg,250,250,15
visage_31,jpg,250,250,1
visage_31,jpg,250,250,5
visage_31,jpg,250,250,10
visage_31,jpg,250,250,14
visage_31,jpg,250,250,19
visage_31,jpg,250,250,23
visage_31,jpg,250,250,17
visage_31,jpg,250,250,3
visage_32,jpg,250,250,1
visage_32,jpg,250,250,5
visage_32,jpg,250,250,9
visage_32,jpg,250,250,14
visage_32,jpg,250,250,20
visage_32,jpg,250,250,23
visage_32,jpg,250,250,17
visage_33,jpg,250,250,1
visage_33,jpg,250,250,5
visage_33,jpg,250,250,9
visage_33,jpg,250,250,14
visage_33,jpg,250,250,20
visage_33,jpg,250,250,23
visage_33,jpg,250,250,17
visage_34,jpg,250,250,1
visage_34,jpg,250,250,5
visage_34,jpg,250,250,9
visage_34,jpg,250,250,14
visage_34,jpg,250,250,19
visage_34,jpg,250,250,23
visage_34,jpg,250,250,17
visage_35,jpg,250,250,1
visage_35,jpg,250,250,5
visage_35,jpg,250,250,10
visage_35,jpg,250,250,14
visage_35,jpg,250,250,19
visage_35,jpg,250,250,23
visage_35,jpg,250,250,17
visage_35,jpg,250,250,3
visage_36,jpg,250,250,1
visage_36,jpg,250,250,5
visage_36,jpg,250,250,9
visage_36,jpg,250,250,14
visage_36,jpg,250,250,19
visage_36,jpg,250,250,22
visage_36,jpg,250,250,16
visage_37,jpg,250,250,1
visage_37,jpg,250,250,5
visage_37,jpg,250,250,11
visage_37,jpg,250,250,14
visage_37,jpg,250,250,19
visage_37,jpg,250,250,17
visage_38,jpg,250,250,1
visage_38,jpg,250,250,5
visage_38,jpg,250,250,11
visage_38,jpg,250,250,14
visage_38,jpg,250,250,18
visage_38,jpg,250,250,23
visage_38,jpg,250,250,17
visage_39,jpg,250,250,1
visage_39,jpg,250,250,5
visage_39,jpg,250,250,11
visage_39,jpg,250,250,12
visage_39,jpg,250,250,19
visage_4,jpg,250,250,1
visage_4,jpg,250,250,5
visage_4,jpg,250,250,9
visage_4,jpg,250,250,12
visage_4,jpg,250,250,19
visage_4,jpg,250,250,22
visage_4,jpg,250,250,3
visage_40,jpg,250,250,1
visage_40,jpg,250,250,5
visage_40,jpg,250,250,11
visage_40,jpg,250,250,14
visage_40,jpg,250,250,19
visage_40,jpg,250,250,23
visage_40,jpg,250,250,4
visage_41,jpg,250,250,1
visage_41,jpg,250,250,5
visage_41,jpg,250,250,11
visage_41,jpg,250,250,14
visage_41,jpg,250,250,19
visage_41,jpg,250,250,23
visage_41,jpg,250,250,17
visage_41,jpg,250,250,3
visage_418,jpg,250,250,2
visage_418,jpg,250,250,5
visage_418,jpg,250,250,11
visage_418,jpg,250,250,14
visage_418,jpg,250,250,18
visage_418,jpg,250,250,23
visage_418,jpg,250,250,4
visage_418,jpg,250,250,3
visage_42,jpg,250,250,1
visage_42,jpg,250,250,5
visage_42,jpg,250,250,11
visage_42,jpg,250,250,20
visage_42,jpg,250,250,23
visage_42,jpg,250,250,3
visage_43,jpg,250,250,1
visage_43,jpg,250,250,5
visage_43,jpg,250,250,10
visage_43,jpg,250,250,14
visage_43,jpg,250,250,18
visage_43,jpg,250,250,23
visage_43,jpg,250,250,4
visage_44,jpg,250,250,1
visage_44,jpg,250,250,5
visage_44,jpg,250,250,9
visage_44,jpg,250,250,14
visage_44,jpg,250,250,19
visage_44,jpg,250,250,23
visage_45,jpg,250,250,1
visage_45,jpg,250,250,6
visage_45,jpg,250,250,11
visage_45,jpg,250,250,14
visage_45,jpg,250,250,19
visage_45,jpg,250,250,23
visage_459,jpg,250,250,1
visage_459,jpg,250,250,5
visage_459,jpg,250,250,11
visage_459,jpg,250,250,14
visage_459,jpg,250,250,19
visage_459,jpg,250,250,23
visage_459,jpg,250,250,4
visage_459,jpg,250,250,3
visage_46,jpg,250,250,1
visage_46,jpg,250,250,5
visage_46,jpg,250,250,10
visage_46,jpg,250,250,12
visage_46,jpg,250,250,18
visage_46,jpg,250,250,15
visage_47,jpg,250,250,1
visage_47,jpg,250,250,8
visage_47,jpg,250,250,9
visage_47,jpg,250,250,19
visage_47,jpg,250,250,4
visage_47,jpg,250,250,15
visage_48,jpg,250,250,1
visage_48,jpg,250,250,5
visage_48,jpg,250,250,11
visage_48,jpg,250,250,14
visage_48,jpg,250,250,19
visage_48,jpg,250,250,15
visage_48,jpg,250,250,22
visage_48,jpg,250,250,3
visage_49,jpg,250,250,1
visage_49,jpg,250,250,19
visage_49,jpg,250,250,22
visage_5,png,250,250,1
visage_5,png,250,250,5
visage_5,png,250,250,11
visage_5,png,250,250,19
visage_5,png,250,250,15
visage_5,png,250,250,3
visage_50,jpg,250,250,1
visage_50,jpg,250,250,6
visage_50,jpg,250,250,11
visage_50,jpg,250,250,18
visage_50,jpg,250,250,22
visage_50,jpg,250,250,3
visage_51,jpg,250,250,1
visage_51,jpg,250,250,5
visage_51,jpg,250,250,11
visage_51,jpg,250,250,19
visage_51,jpg,250,250,23
visage_51,jpg,250,250,15
visage_52,jpg,250,250,1
visage_52,jpg,250,250,11
visage_52,jpg,250,250,19
visage_52,jpg,250,250,22
visage_53,jpg,250,250,1
visage_53,jpg,250,250,5
visage_53,jpg,250,250,11
visage_53,jpg,250,250,14
visage_53,jpg,250,250,18
visage_53,jpg,250,250,22
visage_54,jpg,250,250,1
visage_54,jpg,250,250,8
visage_54,jpg,250,250,11
visage_54,jpg,250,250,14
visage_54,jpg,250,250,19
visage_54,jpg,250,250,23
visage_54,jpg,250,250,15
visage_549,png,250,250,2
visage_549,png,250,250,6
visage_549,png,250,250,9
visage_549,png,250,250,13
visage_549,png,250,250,19
visage_549,png,250,250,23
visage_549,png,250,250,3
visage_55,jpg,250,250,1
visage_55,jpg,250,250,8
visage_55,jpg,250,250,11
visage_55,jpg,250,250,14
visage_55,jpg,250,250,19
visage_55,jpg,250,250,23
visage_554,png,250,250,1
visage_554,png,250,250,5
visage_554,png,250,250,11
visage_554,png,250,250,12
visage_554,png,250,250,15
visage_554,png,250,250,21
visage_554,png,250,250,23
visage_554,png,250,250,3
visage_56,png,250,250,1
visage_56,png,250,250,5
visage_56,png,250,250,11
visage_56,png,250,250,12
visage_56,png,250,250,19
visage_56,png,250,250,22
visage_56,png,250,250,3
visage_56,png,250,250,15
visage_561,png,250,250,2
visage_561,png,250,250,6
visage_561,png,250,250,13
visage_561,png,250,250,10
visage_561,png,250,250,19
visage_561,png,250,250,23
visage_561,png,250,250,3
visage_57,jpg,250,250,1
visage_57,jpg,250,250,5
visage_57,jpg,250,250,11
visage_57,jpg,250,250,14
visage_57,jpg,250,250,19
visage_57,jpg,250,250,4
visage_58,jpg,250,250,1
visage_58,jpg,250,250,6
visage_58,jpg,250,250,10
visage_58,jpg,250,250,13
visage_58,jpg,250,250,19
visage_58,jpg,250,250,23
visage_58,jpg,250,250,4
visage_59,jpg,250,250,1
visage_59,jpg,250,250,5
visage_59,jpg,250,250,11
visage_59,jpg,250,250,14
visage_59,jpg,250,250,20
visage_59,jpg,250,250,23
visage_59,jpg,250,250,15
visage_59,jpg,250,250,3
visage_594,png,250,250,1
visage_594,png,250,250,6
visage_594,png,250,250,11
visage_594,png,250,250,13
visage_594,png,250,250,16
visage_594,png,250,250,18
visage_594,png,250,250,23
visage_599,jpg,250,250,2
visage_599,jpg,250,250,6
visage_599,jpg,250,250,11
visage_599,jpg,250,250,13
visage_599,jpg,250,250,3
visage_599,jpg,250,250,19
visage_599,jpg,250,250,23
visage_6,png,250,250,1
visage_6,png,250,250,5
visage_6,png,250,250,11
visage_6,png,250,250,14
visage_6,png,250,250,19
visage_6,png,250,250,15
visage_6,png,250,250,3
visage_60,jpg,250,250,1
visage_60,jpg,250,250,5
visage_60,jpg,250,250,11
visage_60,jpg,250,250,14
visage_60,jpg,250,250,19
visage_60,jpg,250,250,23
visage_60,jpg,250,250,15
visage_604,jpg,250,250,2
visage_604,jpg,250,250,7
visage_604,jpg,250,250,11
visage_604,jpg,250,250,13
visage_604,jpg,250,250,19
visage_604,jpg,250,250,23
visage_606,jpg,250,250,1
visage_606,jpg,250,250,5
visage_606,jpg,250,250,9
visage_606,jpg,250,250,14
visage_606,jpg,250,250,15
visage_606,jpg,250,250,18
visage_606,jpg,250,250,22
visage_606,jpg,250,250,3
visage_61,jpg,250,250,1
visage_61,jpg,250,250,7
visage_61,jpg,250,250,9
visage_61,jpg,250,250,13
visage_61,jpg,250,250,20
visage_61,jpg,250,250,23
visage_61,jpg,250,250,4
visage_61,jpg,250,250,17
visage_612,png,250,250,2
visage_612,png,250,250,7
visage_612,png,250,250,11
visage_612,png,250,250,14
visage_612,png,250,250,20
visage_612,png,250,250,22
visage_612,png,250,250,3
visage_62,jpg,250,250,1
visage_62,jpg,250,250,5
visage_62,jpg,250,250,11
visage_62,jpg,250,250,14
visage_62,jpg,250,250,18
visage_62,jpg,250,250,22
visage_63,jpg,250,250,1
visage_63,jpg,250,250,5
visage_63,jpg,250,250,11
visage_63,jpg,250,250,19
visage_63,jpg,250,250,23
visage_63,jpg,250,250,4
visage_630,jpg,250,250,2
visage_630,jpg,250,250,7
visage_630,jpg,250,250,9
visage_630,jpg,250,250,14
visage_630,jpg,250,250,18
visage_630,jpg,250,250,22
visage_630,jpg,250,250,3
visage_631,jpg,250,250,2
visage_631,jpg,250,250,6
visage_631,jpg,250,250,9
visage_631,jpg,250,250,13
visage_631,jpg,250,250,18
visage_631,jpg,250,250,3
visage_632,png,250,250,2
visage_632,png,250,250,7
visage_632,png,250,250,11
visage_632,png,250,250,13
visage_632,png,250,250,18
visage_632,png,250,250,23
visage_632,png,250,250,3
visage_633,jpg,250,250,1
visage_633,jpg,250,250,5
visage_633,jpg,250,250,11
visage_633,jpg,250,250,12
visage_633,jpg,250,250,19
visage_633,jpg,250,250,22
visage_633,jpg,250,250,15
visage_634,jpg,250,250,1
visage_634,jpg,250,250,5
visage_634,jpg,250,250,11
visage_634,jpg,250,250,14
visage_634,jpg,250,250,19
visage_634,jpg,250,250,15
visage_634,jpg,250,250,3
visage_635,jpg,250,250,2
visage_635,jpg,250,250,5
visage_635,jpg,250,250,9
visage_635,jpg,250,250,14
visage_635,jpg,250,250,18
visage_635,jpg,250,250,23
visage_635,jpg,250,250,3
visage_636,jpg,250,250,2
visage_636,jpg,250,250,6
visage_636,jpg,250,250,9
visage_636,jpg,250,250,14
visage_636,jpg,250,250,18
visage_636,jpg,250,250,22
visage_636,jpg,250,250,3
visage_637,jpg,250,250,2
visage_637,jpg,250,250,7
visage_637,jpg,250,250,10
visage_637,jpg,250,250,14
visage_637,jpg,250,250,18
visage_637,jpg,250,250,22
visage_637,jpg,250,250,3
visage_638,jpg,250,250,2
visage_638,jpg,250,250,7
visage_638,jpg,250,250,11
visage_638,jpg,250,250,14
visage_638,jpg,250,250,19
visage_638,jpg,250,250,22
visage_638,jpg,250,250,3
visage_639,jpg,250,250,2
visage_639,jpg,250,250,5
visage_639,jpg,250,250,11
visage_639,jpg,250,250,14
visage_639,jpg,250,250,19
visage_639,jpg,250,250,22
visage_639,jpg,250,250,3
visage_64,jpg,250,250,1
visage_64,jpg,250,250,5
visage_64,jpg,250,250,9
visage_64,jpg,250,250,14
visage_64,jpg,250,250,19
visage_64,jpg,250,250,23
visage_640,jpg,250,250,2
visage_640,jpg,250,250,6
visage_640,jpg,250,250,9
visage_640,jpg,250,250,14
visage_640,jpg,250,250,18
visage_640,jpg,250,250,22
visage_640,jpg,250,250,3
visage_641,jpg,250,250,2
visage_641,jpg,250,250,7
visage_641,jpg,250,250,10
visage_641,jpg,250,250,14
visage_641,jpg,250,250,18
visage_641,jpg,250,250,22
visage_642,jpg,250,250,2
visage_642,jpg,250,250,7
visage_642,jpg,250,250,9
visage_642,jpg,250,250,14
visage_642,jpg,250,250,18
visage_642,jpg,250,250,22
visage_642,jpg,250,250,3
visage_643,jpg,250,250,2
visage_643,jpg,250,250,7
visage_643,jpg,250,250,9
visage_643,jpg,250,250,14
visage_643,jpg,250,250,19
visage_643,jpg,250,250,22
visage_643,jpg,250,250,3
visage_644,jpg,250,250,2
visage_644,jpg,250,250,7
visage_644,jpg,250,250,9
visage_644,jpg,250,250,14
visage_644,jpg,250,250,19
visage_644,jpg,250,250,22
visage_644,jpg,250,250,3
visage_645,png,250,250,1
visage_645,png,250,250,5
visage_645,png,250,250,11
visage_645,png,250,250,14
visage_645,png,250,250,18
visage_645,png,250,250,23
visage_645,png,250,250,15
visage_646,png,250,250,1
visage_646,png,250,250,5
visage_646,png,250,250,11
visage_646,png,250,250,12
visage_646,png,250,250,19
visage_646,png,250,250,15
visage_646,png,250,250,3
visage_647,jpg,250,250,1
visage_647,jpg,250,250,5
visage_647,jpg,250,250,9
visage_647,jpg,250,250,12
visage_647,jpg,250,250,20
visage_647,jpg,250,250,23
visage_647,jpg,250,250,15
visage_647,jpg,250,250,3
visage_648,jpg,300,300,1
visage_648,jpg,300,300,5
visage_648,jpg,300,300,11
visage_648,jpg,300,300,14
visage_648,jpg,300,300,19
visage_648,jpg,300,300,15
visage_648,jpg,300,300,3
visage_649,jpg,250,250,1
visage_649,jpg,250,250,6
visage_649,jpg,250,250,11
visage_649,jpg,250,250,14
visage_649,jpg,250,250,19
visage_649,jpg,250,250,22
visage_649,jpg,250,250,15
visage_649,jpg,250,250,3
visage_65,jpg,250,250,1
visage_65,jpg,250,250,5
visage_65,jpg,250,250,9
visage_65,jpg,250,250,14
visage_65,jpg,250,250,19
visage_65,jpg,250,250,23
visage_650,png,250,250,2
visage_650,png,250,250,7
visage_650,png,250,250,9
visage_650,png,250,250,14
visage_650,png,250,250,19
visage_650,png,250,250,3
visage_651,jpg,250,250,1
visage_651,jpg,250,250,5
visage_651,jpg,250,250,11
visage_651,jpg,250,250,14
visage_651,jpg,250,250,19
visage_651,jpg,250,250,22
visage_651,jpg,250,250,3
visage_652,jpg,250,250,2
visage_652,jpg,250,250,5
visage_652,jpg,250,250,9
visage_652,jpg,250,250,13
visage_652,jpg,250,250,19
visage_652,jpg,250,250,23
visage_652,jpg,250,250,4
visage_652,jpg,250,250,3
visage_653,jpg,250,250,1
visage_653,jpg,250,250,5
visage_653,jpg,250,250,11
visage_653,jpg,250,250,13
visage_653,jpg,250,250,19
visage_653,jpg,250,250,22
visage_653,jpg,250,250,15
visage_653,jpg,250,250,3
visage_654,png,250,250,2
visage_654,png,250,250,7
visage_654,png,250,250,9
visage_654,png,250,250,13
visage_654,png,250,250,19
visage_654,png,250,250,22
visage_654,png,250,250,3
visage_655,png,250,250,2
visage_655,png,250,250,7
visage_655,png,250,250,9
visage_655,png,250,250,13
visage_655,png,250,250,19
visage_655,png,250,250,22
visage_656,png,250,250,1
visage_656,png,250,250,5
visage_656,png,250,250,10
visage_656,png,250,250,13
visage_656,png,250,250,19
visage_656,png,250,250,15
visage_656,png,250,250,23
visage_657,png,250,250,1
visage_657,png,250,250,5
visage_657,png,250,250,11
visage_657,png,250,250,14
visage_657,png,250,250,19
visage_657,png,250,250,16
visage_657,png,250,250,23
visage_658,jpg,250,250,1
visage_658,jpg,250,250,5
visage_658,jpg,250,250,11
visage_658,jpg,250,250,19
visage_658,jpg,250,250,22
visage_658,jpg,250,250,3
visage_658,jpg,250,250,15
visage_659,jpg,250,250,1
visage_659,jpg,250,250,7
visage_659,jpg,250,250,11
visage_659,jpg,250,250,13
visage_659,jpg,250,250,18
visage_659,jpg,250,250,23
visage_659,jpg,250,250,3
visage_66,jpg,250,250,2
visage_66,jpg,250,250,6
visage_66,jpg,250,250,10
visage_66,jpg,250,250,13
visage_66,jpg,250,250,19
visage_66,jpg,250,250,22
visage_67,jpg,250,250,2
visage_67,jpg,250,250,7
visage_67,jpg,250,250,11
visage_67,jpg,250,250,14
visage_67,jpg,250,250,18
visage_67,jpg,250,250,23
visage_67,jpg,250,250,3
visage_672,jpg,306,306,2
visage_672,jpg,306,306,10
visage_672,jpg,306,306,13
visage_672,jpg,306,306,19
visage_672,jpg,306,306,22
visage_672,jpg,306,306,3
visage_673,jpg,306,306,1
visage_673,jpg,306,306,5
visage_673,jpg,306,306,11
visage_673,jpg,306,306,14
visage_673,jpg,306,306,19
visage_673,jpg,306,306,15
visage_674,jpg,306,306,2
visage_674,jpg,306,306,7
visage_674,jpg,306,306,9
visage_674,jpg,306,306,14
visage_674,jpg,306,306,18
visage_674,jpg,306,306,22
visage_674,jpg,306,306,3
visage_675,jpg,306,306,1
visage_675,jpg,306,306,5
visage_675,jpg,306,306,11
visage_675,jpg,306,306,14
visage_675,jpg,306,306,19
visage_675,jpg,306,306,23
visage_675,jpg,306,306,3
visage_675,jpg,306,306,15
visage_676,jpg,306,306,2
visage_676,jpg,306,306,7
visage_676,jpg,306,306,11
visage_676,jpg,306,306,14
visage_676,jpg,306,306,18
visage_676,jpg,306,306,23
visage_677,jpg,306,306,2
visage_677,jpg,306,306,11
visage_677,jpg,306,306,13
visage_677,jpg,306,306,19
visage_677,jpg,306,306,23
visage_678,jpg,306,306,2
visage_678,jpg,306,306,10
visage_678,jpg,306,306,19
visage_678,jpg,306,306,23
visage_679,jpg,306,306,2
visage_679,jpg,306,306,11
visage_679,jpg,306,306,14
visage_679,jpg,306,306,19
visage_679,jpg,306,306,23
visage_68,jpg,250,250,2
visage_68,jpg,250,250,7
visage_68,jpg,250,250,11
visage_68,jpg,250,250,14
visage_68,jpg,250,250,19
visage_68,jpg,250,250,22
visage_680,jpg,306,306,2
visage_680,jpg,306,306,7
visage_680,jpg,306,306,9
visage_680,jpg,306,306,14
visage_680,jpg,306,306,19
visage_680,jpg,306,306,23
visage_681,jpg,306,306,2
visage_681,jpg,306,306,5
visage_681,jpg,306,306,11
visage_681,jpg,306,306,14
visage_681,jpg,306,306,18
visage_681,jpg,306,306,23
visage_682,jpg,306,306,2
visage_682,jpg,306,306,6
visage_682,jpg,306,306,11
visage_682,jpg,306,306,14
visage_682,jpg,306,306,19
visage_682,jpg,306,306,23
visage_683,jpg,306,306,2
visage_683,jpg,306,306,10
visage_683,jpg,306,306,14
visage_683,jpg,306,306,19
visage_683,jpg,306,306,22
visage_683,jpg,306,306,3
visage_684,jpg,306,306,1
visage_684,jpg,306,306,5
visage_684,jpg,306,306,10
visage_684,jpg,306,306,14
visage_684,jpg,306,306,19
visage_684,jpg,306,306,22
visage_685,jpg,306,306,1
visage_685,jpg,306,306,5
visage_685,jpg,306,306,11
visage_685,jpg,306,306,14
visage_685,jpg,306,306,19
visage_685,jpg,306,306,23
visage_685,jpg,306,306,4
visage_685,jpg,306,306,15
visage_686,jpg,306,306,1
visage_686,jpg,306,306,5
visage_686,jpg,306,306,11
visage_686,jpg,306,306,14
visage_686,jpg,306,306,19
visage_686,jpg,306,306,23
visage_686,jpg,306,306,15
visage_687,jpg,306,306,2
visage_687,jpg,306,306,6
visage_687,jpg,306,306,12
visage_687,jpg,306,306,10
visage_687,jpg,306,306,19
visage_687,jpg,306,306,23
visage_688,jpg,306,306,2
visage_688,jpg,306,306,7
visage_688,jpg,306,306,10
visage_688,jpg,306,306,13
visage_688,jpg,306,306,18
visage_688,jpg,306,306,22
visage_689,jpg,306,306,2
visage_689,jpg,306,306,7
visage_689,jpg,306,306,11
visage_689,jpg,306,306,14
visage_689,jpg,306,306,19
visage_689,jpg,306,306,23
visage_689,jpg,306,306,3
visage_69,jpg,250,250,1
visage_69,jpg,250,250,5
visage_69,jpg,250,250,11
visage_69,jpg,250,250,14
visage_69,jpg,250,250,18
visage_69,jpg,250,250,23
visage_69,jpg,250,250,3
visage_69,jpg,250,250,15
visage_690,jpg,306,306,2
visage_690,jpg,306,306,6
visage_690,jpg,306,306,11
visage_690,jpg,306,306,14
visage_690,jpg,306,306,19
visage_690,jpg,306,306,22
visage_690,jpg,306,306,3
visage_691,jpg,306,306,2
visage_691,jpg,306,306,7
visage_691,jpg,306,306,10
visage_691,jpg,306,306,13
visage_691,jpg,306,306,19
visage_691,jpg,306,306,3
visage_692,jpg,306,306,2
visage_692,jpg,306,306,6
visage_692,jpg,306,306,9
visage_692,jpg,306,306,14
visage_692,jpg,306,306,19
visage_692,jpg,306,306,22
visage_692,jpg,306,306,3
visage_693,jpg,306,306,2
visage_693,jpg,306,306,6
visage_693,jpg,306,306,9
visage_693,jpg,306,306,14
visage_693,jpg,306,306,19
visage_693,jpg,306,306,23
visage_693,jpg,306,306,3
visage_694,jpg,306,306,1
visage_694,jpg,306,306,5
visage_694,jpg,306,306,11
visage_694,jpg,306,306,12
visage_694,jpg,306,306,19
visage_694,jpg,306,306,22
visage_694,jpg,306,306,15
visage_695,jpg,306,306,1
visage_695,jpg,306,306,5
visage_695,jpg,306,306,11
visage_695,jpg,306,306,12
visage_695,jpg,306,306,19
visage_695,jpg,306,306,15
visage_695,jpg,306,306,22
visage_695,jpg,306,306,3
visage_696,jpg,306,306,2
visage_696,jpg,306,306,7
visage_696,jpg,306,306,10
visage_696,jpg,306,306,13
visage_696,jpg,306,306,19
visage_696,jpg,306,306,23
visage_696,jpg,306,306,3
visage_697,jpg,306,306,1
visage_697,jpg,306,306,5
visage_697,jpg,306,306,11
visage_697,jpg,306,306,12
visage_697,jpg,306,306,19
visage_697,jpg,306,306,23
visage_697,jpg,306,306,15
visage_697,jpg,306,306,3
visage_698,jpg,306,306,2
visage_698,jpg,306,306,5
visage_698,jpg,306,306,11
visage_698,jpg,306,306,14
visage_698,jpg,306,306,21
visage_698,jpg,306,306,23
visage_698,jpg,306,306,3
visage_699,jpg,306,306,2
visage_699,jpg,306,306,5
visage_699,jpg,306,306,11
visage_699,jpg,306,306,14
visage_699,jpg,306,306,19
visage_699,jpg,306,306,23
visage_7,png,250,250,1
visage_7,png,250,250,5
visage_7,png,250,250,11
visage_7,png,250,250,14
visage_7,png,250,250,19
visage_7,png,250,250,15
visage_7,png,250,250,3
visage_70,jpg,250,250,1
visage_70,jpg,250,250,6
visage_70,jpg,250,250,11
visage_70,jpg,250,250,14
visage_70,jpg,250,250,18
visage_70,jpg,250,250,23
visage_70,jpg,250,250,3
visage_70,jpg,250,250,15
visage_700,jpg,306,306,2
visage_700,jpg,306,306,7
visage_700,jpg,306,306,10
visage_700,jpg,306,306,13
visage_700,jpg,306,306,19
visage_700,jpg,306,306,3
visage_701,jpg,306,306,1
visage_701,jpg,306,306,5
visage_701,jpg,306,306,11
visage_701,jpg,306,306,14
visage_701,jpg,306,306,19
visage_701,jpg,306,306,23
visage_701,jpg,306,306,15
visage_702,jpg,306,306,2
visage_702,jpg,306,306,7
visage_702,jpg,306,306,10
visage_702,jpg,306,306,14
visage_702,jpg,306,306,19
visage_702,jpg,306,306,23
visage_703,jpg,306,306,2
visage_703,jpg,306,306,6
visage_703,jpg,306,306,11
visage_703,jpg,306,306,14
visage_703,jpg,306,306,19
visage_703,jpg,306,306,22
visage_703,jpg,306,306,3
visage_704,jpg,306,306,2
visage_704,jpg,306,306,5
visage_704,jpg,306,306,10
visage_704,jpg,306,306,14
visage_704,jpg,306,306,19
visage_704,jpg,306,306,23
visage_704,jpg,306,306,3
visage_705,jpg,306,306,1
visage_705,jpg,306,306,5
visage_705,jpg,306,306,11
visage_705,jpg,306,306,14
visage_705,jpg,306,306,19
visage_705,jpg,306,306,23
visage_705,jpg,306,306,15
visage_705,jpg,306,306,3
visage_706,jpg,306,306,2
visage_706,jpg,306,306,11
visage_706,jpg,306,306,19
visage_706,jpg,306,306,23
visage_706,jpg,306,306,3
visage_707,jpg,306,306,2
visage_707,jpg,306,306,7
visage_707,jpg,306,306,9
visage_707,jpg,306,306,14
visage_707,jpg,306,306,19
visage_707,jpg,306,306,22
visage_708,jpg,306,306,1
visage_708,jpg,306,306,5
visage_708,jpg,306,306,11
visage_708,jpg,306,306,14
visage_708,jpg,306,306,19
visage_708,jpg,306,306,23
visage_708,jpg,306,306,3
visage_709,jpg,306,306,1
visage_709,jpg,306,306,11
visage_709,jpg,306,306,12
visage_709,jpg,306,306,19
visage_709,jpg,306,306,23
visage_709,jpg,306,306,15
visage_71,jpg,250,250,1
visage_71,jpg,250,250,6
visage_71,jpg,250,250,11
visage_71,jpg,250,250,14
visage_71,jpg,250,250,19
visage_71,jpg,250,250,23
visage_71,jpg,250,250,3
visage_71,jpg,250,250,15
visage_710,jpg,306,306,2
visage_710,jpg,306,306,7
visage_710,jpg,306,306,10
visage_710,jpg,306,306,13
visage_710,jpg,306,306,19
visage_710,jpg,306,306,23
visage_711,jpg,306,306,2
visage_711,jpg,306,306,6
visage_711,jpg,306,306,11
visage_711,jpg,306,306,14
visage_711,jpg,306,306,18
visage_711,jpg,306,306,23
visage_711,jpg,306,306,3
visage_712,jpg,306,306,1
visage_712,jpg,306,306,11
visage_712,jpg,306,306,19
visage_712,jpg,306,306,3
visage_712,jpg,306,306,15
visage_713,jpg,306,306,2
visage_713,jpg,306,306,10
visage_713,jpg,306,306,5
visage_713,jpg,306,306,12
visage_713,jpg,306,306,18
visage_714,jpg,306,306,1
visage_714,jpg,306,306,11
visage_714,jpg,306,306,21
visage_714,jpg,306,306,23
visage_714,jpg,306,306,3
visage_715,jpg,306,306,2
visage_715,jpg,306,306,7
visage_715,jpg,306,306,9
visage_715,jpg,306,306,13
visage_715,jpg,306,306,18
visage_715,jpg,306,306,22
visage_716,jpg,306,306,2
visage_716,jpg,306,306,6
visage_716,jpg,306,306,11
visage_716,jpg,306,306,12
visage_716,jpg,306,306,20
visage_716,jpg,306,306,23
visage_716,jpg,306,306,4
visage_716,jpg,306,306,3
visage_717,jpg,306,306,1
visage_717,jpg,306,306,5
visage_717,jpg,306,306,11
visage_717,jpg,306,306,14
visage_717,jpg,306,306,19
visage_717,jpg,306,306,23
visage_718,jpg,306,306,2
visage_718,jpg,306,306,7
visage_718,jpg,306,306,11
visage_718,jpg,306,306,14
visage_718,jpg,306,306,19
visage_718,jpg,306,306,23
visage_719,jpg,306,306,1
visage_719,jpg,306,306,5
visage_719,jpg,306,306,14
visage_719,jpg,306,306,11
visage_719,jpg,306,306,19
visage_719,jpg,306,306,23
visage_719,jpg,306,306,15
visage_719,jpg,306,306,3
visage_72,jpg,250,250,2
visage_72,jpg,250,250,7
visage_72,jpg,250,250,9
visage_72,jpg,250,250,14
visage_72,jpg,250,250,18
visage_72,jpg,250,250,22
visage_72,jpg,250,250,3
visage_720,jpg,306,306,2
visage_720,jpg,306,306,5
visage_720,jpg,306,306,10
visage_720,jpg,306,306,14
visage_720,jpg,306,306,18
visage_720,jpg,306,306,23
visage_720,jpg,306,306,3
visage_721,jpg,306,306,1
visage_721,jpg,306,306,5
visage_721,jpg,306,306,11
visage_721,jpg,306,306,14
visage_721,jpg,306,306,19
visage_721,jpg,306,306,23
visage_722,jpg,306,306,2
visage_722,jpg,306,306,7
visage_722,jpg,306,306,11
visage_722,jpg,306,306,13
visage_722,jpg,306,306,19
visage_722,jpg,306,306,23
visage_723,jpg,306,306,2
visage_723,jpg,306,306,7
visage_723,jpg,306,306,10
visage_723,jpg,306,306,12
visage_723,jpg,306,306,19
visage_723,jpg,306,306,23
visage_724,jpg,306,306,2
visage_724,jpg,306,306,7
visage_724,jpg,306,306,10
visage_724,jpg,306,306,14
visage_724,jpg,306,306,19
visage_725,jpg,306,306,2
visage_725,jpg,306,306,6
visage_725,jpg,306,306,11
visage_725,jpg,306,306,14
visage_725,jpg,306,306,20
visage_725,jpg,306,306,23
visage_725,jpg,306,306,4
visage_725,jpg,306,306,3
visage_726,jpg,306,306,1
visage_726,jpg,306,306,11
visage_726,jpg,306,306,19
visage_726,jpg,306,306,15
visage_727,jpg,306,306,2
visage_727,jpg,306,306,5
visage_727,jpg,306,306,11
visage_727,jpg,306,306,14
visage_727,jpg,306,306,18
visage_727,jpg,306,306,23
visage_728,jpg,306,306,2
visage_728,jpg,306,306,7
visage_728,jpg,306,306,9
visage_728,jpg,306,306,13
visage_728,jpg,306,306,18
visage_728,jpg,306,306,22
visage_728,jpg,306,306,3
visage_729,jpg,306,306,2
visage_729,jpg,306,306,7
visage_729,jpg,306,306,10
visage_729,jpg,306,306,13
visage_729,jpg,306,306,19
visage_729,jpg,306,306,3
visage_729,jpg,306,306,22
visage_73,jpg,250,250,2
visage_73,jpg,250,250,7
visage_73,jpg,250,250,11
visage_73,jpg,250,250,14
visage_73,jpg,250,250,21
visage_73,jpg,250,250,23
visage_730,jpg,306,306,2
visage_730,jpg,306,306,6
visage_730,jpg,306,306,10
visage_730,jpg,306,306,14
visage_730,jpg,306,306,19
visage_730,jpg,306,306,22
visage_730,jpg,306,306,3
visage_731,jpg,306,306,2
visage_731,jpg,306,306,7
visage_731,jpg,306,306,10
visage_731,jpg,306,306,12
visage_731,jpg,306,306,19
visage_731,jpg,306,306,23
visage_731,jpg,306,306,4
visage_732,jpg,306,306,1
visage_732,jpg,306,306,8
visage_732,jpg,306,306,10
visage_732,jpg,306,306,14
visage_732,jpg,306,306,18
visage_732,jpg,306,306,22
visage_733,jpg,306,306,2
visage_733,jpg,306,306,7
visage_733,jpg,306,306,10
visage_733,jpg,306,306,13
visage_733,jpg,306,306,18
visage_733,jpg,306,306,3
visage_74,jpg,250,250,1
visage_74,jpg,250,250,5
visage_74,jpg,250,250,11
visage_74,jpg,250,250,14
visage_74,jpg,250,250,18
visage_74,jpg,250,250,23
visage_74,jpg,250,250,16
visage_75,jpg,250,250,2
visage_75,jpg,250,250,7
visage_75,jpg,250,250,10
visage_75,jpg,250,250,13
visage_75,jpg,250,250,18
visage_75,jpg,250,250,23
visage_76,jpg,250,250,1
visage_76,jpg,250,250,6
visage_76,jpg,250,250,11
visage_76,jpg,250,250,12
visage_76,jpg,250,250,20
visage_76,jpg,250,250,23
visage_76,jpg,250,250,16
visage_76,jpg,250,250,3
visage_77,jpg,250,250,1
visage_77,jpg,250,250,8
visage_77,jpg,250,250,14
visage_77,jpg,250,250,10
visage_77,jpg,250,250,22
visage_77,jpg,250,250,18
visage_78,jpg,250,250,1
visage_78,jpg,250,250,8
visage_78,jpg,250,250,10
visage_78,jpg,250,250,14
visage_78,jpg,250,250,18
visage_78,jpg,250,250,23
visage_79,jpg,250,250,1
visage_79,jpg,250,250,5
visage_79,jpg,250,250,11
visage_79,jpg,250,250,14
visage_79,jpg,250,250,20
visage_79,jpg,250,250,23
visage_79,jpg,250,250,15
visage_8,png,250,250,1
visage_8,png,250,250,6
visage_8,png,250,250,10
visage_8,png,250,250,14
visage_8,png,250,250,19
visage_8,png,250,250,22
visage_8,png,250,250,4
visage_8,png,250,250,3
visage_80,jpg,250,250,1
visage_80,jpg,250,250,5
visage_80,jpg,250,250,11
visage_80,jpg,250,250,12
visage_80,jpg,250,250,20
visage_80,jpg,250,250,23
visage_80,jpg,250,250,16
visage_81,jpg,250,250,1
visage_81,jpg,250,250,5
visage_81,jpg,250,250,11
visage_81,jpg,250,250,14
visage_81,jpg,250,250,19
visage_81,jpg,250,250,23
visage_82,jpg,250,250,1
visage_82,jpg,250,250,8
visage_82,jpg,250,250,9
visage_82,jpg,250,250,14
visage_82,jpg,250,250,18
visage_82,jpg,250,250,23
visage_82,jpg,250,250,4
visage_82,jpg,250,250,3
visage_83,jpg,250,250,1
visage_83,jpg,250,250,8
visage_83,jpg,250,250,9
visage_83,jpg,250,250,14
visage_83,jpg,250,250,19
visage_83,jpg,250,250,23
visage_83,jpg,250,250,4
visage_83,jpg,250,250,17
visage_84,jpg,250,250,1
visage_84,jpg,250,250,8
visage_84,jpg,250,250,10
visage_84,jpg,250,250,14
visage_84,jpg,250,250,19
visage_84,jpg,250,250,23
visage_84,jpg,250,250,3
visage_85,jpg,250,250,1
visage_85,jpg,250,250,8
visage_85,jpg,250,250,10
visage_85,jpg,250,250,14
visage_85,jpg,250,250,19
visage_85,jpg,250,250,23
visage_85,jpg,250,250,3
visage_86,jpg,250,250,2
visage_86,jpg,250,250,5
visage_86,jpg,250,250,10
visage_86,jpg,250,250,14
visage_86,jpg,250,250,19
visage_86,jpg,250,250,23
visage_86,jpg,250,250,3
visage_87,jpg,250,250,2
visage_87,jpg,250,250,5
visage_87,jpg,250,250,10
visage_87,jpg,250,250,14
visage_87,jpg,250,250,19
visage_87,jpg,250,250,23
visage_87,jpg,250,250,3
visage_88,jpg,250,250,2
visage_88,jpg,250,250,5
visage_88,jpg,250,250,11
visage_88,jpg,250,250,12
visage_88,jpg,250,250,20
visage_88,jpg,250,250,23
visage_89,jpg,250,250,1
visage_89,jpg,250,250,5
visage_89,jpg,250,250,13
visage_89,jpg,250,250,11
visage_89,jpg,250,250,18
visage_89,jpg,250,250,22
visage_9,jpg,250,250,1
visage_9,jpg,250,250,5
visage_9,jpg,250,250,10
visage_9,jpg,250,250,12
visage_9,jpg,250,250,19
visage_9,jpg,250,250,22
visage_9,jpg,250,250,3
visage_90,jpg,250,250,2
visage_90,jpg,250,250,5
visage_90,jpg,250,250,9
visage_90,jpg,250,250,13
visage_90,jpg,250,250,18
visage_90,jpg,250,250,22
visage_90,jpg,250,250,4
visage_90,jpg,250,250,3
visage_91,jpg,250,250,1
visage_91,jpg,250,250,5
visage_91,jpg,250,250,11
visage_91,jpg,250,250,14
visage_91,jpg,250,250,19
visage_91,jpg,250,250,23
visage_91,jpg,250,250,4
visage_91,jpg,250,250,15
visage_92,jpg,250,250,1
visage_92,jpg,250,250,8
visage_92,jpg,250,250,11
visage_92,jpg,250,250,20
visage_92,jpg,250,250,23
visage_92,jpg,250,250,15
visage_93,jpg,250,250,2
visage_93,jpg,250,250,7
visage_93,jpg,250,250,11
visage_93,jpg,250,250,14
visage_93,jpg,250,250,19
visage_93,jpg,250,250,23
visage_93,jpg,250,250,3
visage_94,jpg,250,250,1
visage_94,jpg,250,250,5
visage_94,jpg,250,250,11
visage_94,jpg,250,250,14
visage_94,jpg,250,250,19
visage_94,jpg,250,250,23
visage_94,jpg,250,250,3
visage_95,jpg,250,250,1
visage_95,jpg,250,250,11
visage_95,jpg,250,250,19
visage_95,jpg,250,250,22
visage_95,jpg,250,250,3
visage_96,jpg,250,250,2
visage_96,jpg,250,250,7
visage_96,jpg,250,250,10
visage_96,jpg,250,250,14
visage_96,jpg,250,250,20
visage_97,jpg,250,250,2
visage_97,jpg,250,250,6
visage_97,jpg,250,250,9
visage_97,jpg,250,250,14
visage_97,jpg,250,250,19
visage_97,jpg,250,250,22
visage_97,jpg,250,250,3
visage_98,jpg,250,250,1
visage_98,jpg,250,250,6
visage_98,jpg,250,250,11
visage_98,jpg,250,250,13
visage_98,jpg,250,250,19
visage_98,jpg,250,250,23
visage_98,jpg,250,250,3
visage_99,jpg,250,250,1
visage_99,jpg,250,250,5
visage_99,jpg,250,250,11
visage_99,jpg,250,250,19
visage_99,jpg,250,250,3
visage_99,jpg,250,250,15
